{
  "experiment_id": "demo_replay_001",
  "analysis_timestamp": "2026-02-12T21:33:15.734812",
  "primary_metric": "churn_rate",
  "srm_passed": true,
  "srm_p_value": 0.5354702402109708,
  "expected_allocation": 0.5,
  "actual_control_frac": 0.492,
  "actual_treatment_frac": 0.508,
  "lift": -0.031688112156712134,
  "lift_pct": -12.373453318335214,
  "p_value": 0.15082404295472807,
  "ci_low": -0.07491962872941714,
  "ci_high": 0.011543404415992872,
  "effect_size": -0.07417131643701576,
  "cuped_applied": false,
  "cuped_lift": null,
  "cuped_p_value": null,
  "variance_reduction_pct": null,
  "recommendation": "iterate",
  "recommendation_reason": "Inconclusive. Gather more data or refine hypothesis.",
  "control_stats": {
    "arm": "control",
    "n": 738,
    "mean": 0.25609756097560976,
    "std": 0.43677236211029347,
    "ci_low": 0.22453379162159465,
    "ci_high": 0.2876613303296249
  },
  "treatment_stats": {
    "arm": "treatment",
    "n": 762,
    "mean": 0.22440944881889763,
    "std": 0.4174668371509911,
    "ci_low": 0.19472124931617893,
    "ci_high": 0.25409764832161635
  },
  "segments": [
    {
      "segment_name": "tenure",
      "segment_value": "72",
      "control_n": 39,
      "treatment_n": 47,
      "control_mean": 0.0,
      "treatment_mean": 0.0,
      "lift": 0.0,
      "lift_pct": 0.0,
      "p_value": 1.0,
      "ci_low": 0.0,
      "ci_high": 0.0,
      "significant": false
    },
    {
      "segment_name": "tenure",
      "segment_value": "2",
      "control_n": 34,
      "treatment_n": 24,
      "control_mean": 0.4411764705882353,
      "treatment_mean": 0.25,
      "lift": -0.19117647058823528,
      "lift_pct": -43.33333333333333,
      "p_value": 0.13568637191998834,
      "ci_low": -0.4423070069797749,
      "ci_high": 0.05995406580330431,
      "significant": false
    },
    {
      "segment_name": "tenure",
      "segment_value": "1",
      "control_n": 73,
      "treatment_n": 73,
      "control_mean": 0.5753424657534246,
      "treatment_mean": 0.5205479452054794,
      "lift": -0.0547945205479452,
      "lift_pct": -9.523809523809524,
      "p_value": 0.5059546916964957,
      "ci_low": -0.21625482396415208,
      "ci_high": 0.10666578286826167,
      "significant": false
    },
    {
      "segment_name": "tenure",
      "segment_value": "7",
      "control_n": 13,
      "treatment_n": 17,
      "control_mean": 0.5384615384615384,
      "treatment_mean": 0.23529411764705882,
      "lift": -0.3031674208144796,
      "lift_pct": -56.30252100840336,
      "p_value": 0.08772518743562174,
      "ci_low": -0.6511555825566293,
      "ci_high": 0.04482074092767013,
      "significant": false
    },
    {
      "segment_name": "tenure",
      "segment_value": "13",
      "control_n": 13,
      "treatment_n": 11,
      "control_mean": 0.6153846153846154,
      "treatment_mean": 0.36363636363636365,
      "lift": -0.2517482517482518,
      "lift_pct": -40.909090909090914,
      "p_value": 0.21906440661100812,
      "ci_low": -0.6532206547584394,
      "ci_high": 0.14972415126193583,
      "significant": false
    },
    {
      "segment_name": "tenure",
      "segment_value": "10",
      "control_n": 15,
      "treatment_n": 15,
      "control_mean": 0.4666666666666667,
      "treatment_mean": 0.26666666666666666,
      "lift": -0.2,
      "lift_pct": -42.85714285714286,
      "p_value": 0.2557043499428402,
      "ci_low": -0.544881062380786,
      "ci_high": 0.14488106238078596,
      "significant": false
    },
    {
      "segment_name": "tenure",
      "segment_value": "71",
      "control_n": 15,
      "treatment_n": 20,
      "control_mean": 0.0,
      "treatment_mean": 0.0,
      "lift": 0.0,
      "lift_pct": 0.0,
      "p_value": 1.0,
      "ci_low": 0.0,
      "ci_high": 0.0,
      "significant": false
    },
    {
      "segment_name": "tenure",
      "segment_value": "5",
      "control_n": 16,
      "treatment_n": 20,
      "control_mean": 0.4375,
      "treatment_mean": 0.3,
      "lift": -0.1375,
      "lift_pct": -31.428571428571434,
      "p_value": 0.3933931794878782,
      "ci_low": -0.45326024156813777,
      "ci_high": 0.17826024156813775,
      "significant": false
    },
    {
      "segment_name": "tenure",
      "segment_value": "3",
      "control_n": 19,
      "treatment_n": 21,
      "control_mean": 0.3684210526315789,
      "treatment_mean": 0.38095238095238093,
      "lift": 0.012531328320802004,
      "lift_pct": 3.4013605442176873,
      "p_value": 0.9348439967257485,
      "ci_low": -0.2879014274030006,
      "ci_high": 0.31296408404460463,
      "significant": false
    },
    {
      "segment_name": "tenure",
      "segment_value": "70",
      "control_n": 10,
      "treatment_n": 12,
      "control_mean": 0.0,
      "treatment_mean": 0.08333333333333333,
      "lift": 0.08333333333333333,
      "lift_pct": 0.0,
      "p_value": 0.3501217384052011,
      "ci_low": -0.09147244117362054,
      "ci_high": 0.2581391078402872,
      "significant": false
    },
    {
      "segment_name": "tenure",
      "segment_value": "66",
      "control_n": 13,
      "treatment_n": 12,
      "control_mean": 0.15384615384615385,
      "treatment_mean": 0.08333333333333333,
      "lift": -0.07051282051282053,
      "lift_pct": -45.833333333333336,
      "p_value": 0.5877934560219047,
      "ci_low": -0.325482040457972,
      "ci_high": 0.18445639943233094,
      "significant": false
    },
    {
      "segment_name": "tenure",
      "segment_value": "12",
      "control_n": 10,
      "treatment_n": 14,
      "control_mean": 0.3,
      "treatment_mean": 0.14285714285714285,
      "lift": -0.15714285714285714,
      "lift_pct": -52.38095238095239,
      "p_value": 0.3500203241705089,
      "ci_low": -0.48670722868484234,
      "ci_high": 0.17242151439912806,
      "significant": false
    },
    {
      "segment_name": "tenure",
      "segment_value": "4",
      "control_n": 23,
      "treatment_n": 14,
      "control_mean": 0.4782608695652174,
      "treatment_mean": 0.5714285714285714,
      "lift": 0.09316770186335399,
      "lift_pct": 19.48051948051947,
      "p_value": 0.5823902152451486,
      "ci_low": -0.23890436567479734,
      "ci_high": 0.4252397694015053,
      "significant": false
    },
    {
      "segment_name": "tenure",
      "segment_value": "8",
      "control_n": 16,
      "treatment_n": 15,
      "control_mean": 0.25,
      "treatment_mean": 0.3333333333333333,
      "lift": 0.08333333333333331,
      "lift_pct": 33.33333333333333,
      "p_value": 0.6094732040588786,
      "ci_low": -0.23640464039054787,
      "ci_high": 0.4030713070572145,
      "significant": false
    },
    {
      "segment_name": "Contract",
      "segment_value": "Month-to-month",
      "control_n": 413,
      "treatment_n": 405,
      "control_mean": 0.423728813559322,
      "treatment_mean": 0.36790123456790125,
      "lift": -0.05582757899142077,
      "lift_pct": -13.175308641975302,
      "p_value": 0.10262261558991526,
      "ci_low": -0.12286308335946378,
      "ci_high": 0.01120792537662224,
      "significant": false
    },
    {
      "segment_name": "Contract",
      "segment_value": "One year",
      "control_n": 139,
      "treatment_n": 169,
      "control_mean": 0.08633093525179857,
      "treatment_mean": 0.11834319526627218,
      "lift": 0.03201226001447362,
      "lift_pct": 37.080867850098606,
      "p_value": 0.35953697148892094,
      "ci_low": -0.03646580981712008,
      "ci_high": 0.10049032984606732,
      "significant": false
    },
    {
      "segment_name": "Contract",
      "segment_value": "Two year",
      "control_n": 186,
      "treatment_n": 188,
      "control_mean": 0.010752688172043012,
      "treatment_mean": 0.010638297872340425,
      "lift": -0.00011439029970258634,
      "lift_pct": -1.063829787234053,
      "p_value": 0.9914205147845219,
      "ci_low": -0.020964471510120736,
      "ci_high": 0.020735690910715567,